<metadata><mdFileID>{B9860375-A948-44B4-9EC0-4B16A4CA8A16}</mdFileID><mdLang><countryCode value="GBR" Sync="TRUE"/><languageCode value="eng"/></mdLang><mdChar Sync="TRUE"><CharSetCd value="004"/></mdChar><mdHrLv2>attribute</mdHrLv2><mdHrLvName2>Geodatabase attribute table</mdHrLvName2><mdDateSt Sync="TRUE">20140113</mdDateSt><mdStanName2>ISO19115:2003</mdStanName2><mdStanVer2>GISCO 1.2.0</mdStanVer2><dataSetURI>Server=crab.cc.cec.eu.int; Service=port:5154; User=giscoread; Version=SDE.DEFAULT</dataSetURI><refSysInfo><refSysId><identCode>ETRS89</identCode></refSysId><RefSystem><refSysID><identCode>ETRS89</identCode></refSysID></RefSystem></refSysInfo><dataIdInfo><idCitation><resTitle>Attribute table with the Country ISO codes (ISO-3166 A2)</resTitle><resRefDate><refDate>20070201</refDate><refDateType><DateTypCd value="001"/></refDateType></resRefDate><resEd>2010</resEd><resEdDate>20111201</resEdDate><citRespParty><rpOrgName>Eurostat GISCO - European Commission</rpOrgName><rpCntInfo><cntPhone><voiceNum>+352 4301 32076</voiceNum><faxNum>+352 4301 32029</faxNum></cntPhone><cntAddress><delPoint>5, rue Alphonse Weicker</delPoint><city>Luxembourg</city><adminArea>Luxembourg</adminArea><postCode>2920</postCode><eMailAdd>estat-gisco@ec.europa.eu</eMailAdd><country>lu</country></cntAddress></rpCntInfo><role><RoleCd value="007"/></role></citRespParty><citRespParty><rpOrgName>Abaco Spa</rpOrgName><rpCntInfo><cntPhone><voiceNum>+39 0376 222 181</voiceNum><faxNum>+39 0376 222 182</faxNum></cntPhone><cntAddress><delPoint>Corso Umberto I, 43</delPoint><city>Mantova</city><postCode>46100</postCode><eMailAdd>info@abacogroup.eu</eMailAdd><country>it</country><adminArea>Mantova</adminArea></cntAddress></rpCntInfo><role><RoleCd value="009"/></role></citRespParty><presForm><PresFormCd Sync="TRUE" value="011"/></presForm><resAltTitle>GISCO.CNTR_AT</resAltTitle><resRefDate><refDateType><DateTypCd value="002"/></refDateType></resRefDate><resRefDate><refDateType><DateTypCd value="003"/></refDateType><refDate>20111201</refDate></resRefDate></idCitation><idAbs>lookup table for the Country ISO Code.
ISO-3166 A2 Country Code, except for United Kingdom, where the ISO code "GB" has been substituted by "UK", the ISO code "GR" has been substituted by "EL"</idAbs><idPurp>Created for cartographic purposes. Lookup table (descriptive information)</idPurp><idStatus>completed</idStatus><descKeys KeyTypCd="002"><keyTyp><KeyTypCd value="002"/></keyTyp><keyword>World</keyword></descKeys><resConst><Consts><useLimit>The datasets have been created for cartographic purposes.</useLimit></Consts><LegConsts><useConsts><RestrictCd value="001"/></useConsts><useConsts><RestrictCd value="005"/></useConsts></LegConsts></resConst><spatRpType><spatRepTypCd value="003"/><SpatRepTypCd value="003" Sync="TRUE"></SpatRepTypCd></spatRpType><dataScale xmlns=""><equScale><rfDenom>100000</rfDenom></equScale></dataScale><dataChar><CharSetCd value="004"/></dataChar><envirDesc Sync="TRUE">Microsoft Windows 7 Version 6.1 (Build 7601) Service Pack 1; ESRI ArcGIS 10.0.5.4400</envirDesc><dataLang><languageCode value="en"/><countryCode value="GBR" Sync="TRUE"/></dataLang><descKeys KeyTypCd="005"><keyTyp><KeyTypCd value="005"/></keyTyp><keyword>countries</keyword></descKeys><descKeys KeyTypCd="005"><keyTyp><KeyTypCd value="005"/></keyTyp><thesaName><resTitle>Directive 20007/.../EC/ of the European parliament and of the Council of establishing an Infrastructure for Spatial Information in the European Community (INSPIRE)</resTitle></thesaName><keyword>administrative units</keyword></descKeys><idPoC Sync="TRUE"><rpOrgName Sync="TRUE">Eurostat GISCO - European Commission</rpOrgName><rpCntInfo><cntPhone><voiceNum Sync="TRUE">+352 4301 32076</voiceNum><faxNum Sync="TRUE">+352 4301 32029</faxNum></cntPhone><cntAddress><delPoint Sync="TRUE">5, rue Alphonse Weicker</delPoint><city Sync="TRUE">Luxembourg</city><adminArea Sync="TRUE">Luxembourg</adminArea><postCode Sync="TRUE">2920</postCode><country Sync="TRUE">lu</country><eMailAdd Sync="TRUE">estat-gisco@ec.europa.eu</eMailAdd></cntAddress></rpCntInfo><role><RoleCd Sync="TRUE" value="007"/></role></idPoC><tpCat><TopicCatCd value="03"/></tpCat></dataIdInfo><distInfo><distributor><distorCont><rpOrgName>Eurostat GISCO - European Commission</rpOrgName><rpCntInfo><cntPhone><voiceNum>+352 4301 32076</voiceNum><faxNum>+352 4301 32029</faxNum></cntPhone><cntAddress><delPoint>5, rue Alphonse Weicker</delPoint><city>Luxembourg</city><adminArea>Luxembourg</adminArea><postCode>2920</postCode><eMailAdd>estat-gisco@ec.europa.eu</eMailAdd><country>lu</country></cntAddress></rpCntInfo><role><RoleCd value="005"/></role></distorCont><distorOrdPrc><ordInstr>Address to the point of contact specified in this metadata</ordInstr></distorOrdPrc><distorFormat><formatName>SDE Table (ESRI goedatabase)</formatName><formatVer>9.3.1</formatVer></distorFormat><distorTran><onLineSrc><linkage>http://epp.eurostat.ec.europa.eu</linkage><orFunct><OnFunctCd value="001"/></orFunct><orDesc Sync="TRUE">002</orDesc><protocol Sync="TRUE">Local Area Network</protocol></onLineSrc></distorTran></distributor><distFormat><formatName Sync="TRUE">dBASE Table</formatName></distFormat><distTranOps><transSize Sync="TRUE">0.001</transSize></distTranOps></distInfo><dqInfo><dataLineage><statement>2014-01-10 - Errors in data resolved. Mayotte now an overseas department of France and therefore merged with the France polygon. Saint Barthélemy now an overseas collectivity of France and is removed from the France record and a new record with the ISO code BL is created.</statement><prcStep><description>In 2008 the attributes NAME_GAUL, ISO3_CODE, SVRG_UN and CAPT were added to the original table and filled with information from the GAUL_2006 country dataset.

Some new CNTR_CODEs were added or filled for: RS (Serbia); XC --&gt; XO (disputed areas).
In 2009 the attributes CENT_MERI and LAT_ORIG were added for cartographic purposes (the Urban Audit Mapping tool uses these attributes).

2010: Some new CNTR_CODEs were added: EL for GR</description></prcStep><dataSource><srcDesc>The source of this table was the former ADCNPS.INF table in the coverage version of the GISCO reference database.
Later GAUL 2006 attribute information was added
GAUKL 2008 attribute information was added</srcDesc></dataSource></dataLineage><DQDomConsis><measName>Referential Integrity of Dataset</measName><measDesc>The integrity and cardinality of the relationships (conceptual and implemented) was checked by enforcing primary and foreign key integrity constraints in Oracle. The constraints referencing coded value domain tables were a test of domain consistency.</measDesc><evalMethDesc>Errors will show during creation of integrity constraints in Oracle. Constraints will not be applicable in case of violations to the consistency.</evalMethDesc><measDateTm>20111201</measDateTm><ConResult><conExpl>No errors occurred, so the integrity of all primary and foreign keys was confirmed. All the values of each coded value attribute are compliant to the domains (except for any NULL values). The cardinality can only be confirmed where it is strict enough for this test to detect errors.</conExpl><conPass>true</conPass><conSpec><resRefDate><refDateType><DateTypCd value="[invalid date type]"/></refDateType></resRefDate></conSpec></ConResult></DQDomConsis><DQConcConsis><measName>Completeness of Dataset</measName><measDesc>All feature classes, attribute tables and relationship classes should be present</measDesc><evalMethDesc>Re-application of schema to dataset</evalMethDesc><measDateTm>20111201</measDateTm><ConResult><conExpl>All feature classes, attribute tables and relationship classes are present</conExpl><conPass>true</conPass><conSpec><resRefDate><refDateType><DateTypCd value="[invalid date type]"/></refDateType></resRefDate></conSpec></ConResult></DQConcConsis><dqScope><scpLvl>attribute</scpLvl></dqScope></dqInfo><eainfo><detailed Name="CNTR_AT"><enttyp><enttypl>CNTR_AT</enttypl><enttypd>Country attribute table</enttypd><enttypt Sync="TRUE">Table</enttypt><enttypc Sync="TRUE">0</enttypc></enttyp><attr><attrlabl Sync="TRUE">OID</attrlabl><attalias Sync="TRUE">OID</attalias><attrtype Sync="TRUE">OID</attrtype><attwidth Sync="TRUE">4</attwidth><atprecis Sync="TRUE">0</atprecis><attscale Sync="TRUE">0</attscale><attrdef Sync="TRUE">Internal feature number.</attrdef><attrdefs Sync="TRUE">ESRI</attrdefs><attrdomv><udom Sync="TRUE">Sequential unique whole numbers that are automatically generated.</udom></attrdomv></attr><attr><attrtype>String</attrtype><attrlabl>CNTR_ID</attrlabl><attrdef>Country Code (2 character ISO-code for countries) (PK for relating to Country regions and label feature classes)</attrdef><attrdefs>GISCO</attrdefs><attwidth>2</attwidth><atprecis>0</atprecis><attscale>0</attscale><attalias Sync="TRUE">CNTR_ID</attalias></attr><attr><attrtype>String</attrtype><attrlabl>CNTR_NAME</attrlabl><attrdef>Country name in native language</attrdef><attrdefs>GISCO</attrdefs><attwidth>150</attwidth><atprecis>0</atprecis><attscale>0</attscale><attalias Sync="TRUE">CNTR_NAME</attalias></attr><attr><attrtype>String</attrtype><attrlabl>NAME_ASCI</attrlabl><attrdef>Country name in native language in ASCII encoding</attrdef><attrdefs>GISCO</attrdefs><attwidth>150</attwidth><atprecis>0</atprecis><attscale>0</attscale><attalias Sync="TRUE">NAME_ASCI</attalias></attr><attr><attrtype>String</attrtype><attrlabl>NAME_ENGL</attrlabl><attrdef>Country name in English</attrdef><attrdefs>GISCO</attrdefs><attwidth>150</attwidth><atprecis>0</atprecis><attscale>0</attscale><attalias Sync="TRUE">NAME_ENGL</attalias></attr><attr><attrtype>String</attrtype><attrlabl>NAME_FREN</attrlabl><attrdef>Country name in French</attrdef><attrdefs>GISCO</attrdefs><attwidth>150</attwidth><atprecis>0</atprecis><attscale>0</attscale><attalias Sync="TRUE">NAME_FREN</attalias></attr><attr><attrlabl Sync="TRUE">POLI_ORG_C</attrlabl><attalias Sync="TRUE">POLI_ORG_C</attalias><attrtype Sync="TRUE">Integer</attrtype><attwidth Sync="TRUE">9</attwidth><atprecis Sync="TRUE">9</atprecis><attscale Sync="TRUE">0</attscale></attr><attr><attrtype>String</attrtype><attrlabl>NAME_GAUL</attrlabl><attrdef>Country name according to GAUL</attrdef><attrdefs>GAUL</attrdefs><attwidth>150</attwidth><atprecis>0</atprecis><attscale>0</attscale><attalias Sync="TRUE">NAME_GAUL</attalias></attr><attr><attrtype>String</attrtype><attrlabl>ISO3_CODE</attrlabl><attrdef>ISO 3166-1 alpha-3 Country Code (3 character ISO-code for countries)</attrdef><attrdefs>GAUL</attrdefs><attwidth>3</attwidth><atprecis>0</atprecis><attscale>0</attscale><attalias Sync="TRUE">ISO3_CODE</attalias></attr><attr><attrtype>String</attrtype><attrlabl>SVRG_UN</attrlabl><attrdef>attribute that gives information about the attribution of territories</attrdef><attrdefs>GAUL</attrdefs><attwidth>60</attwidth><atprecis>0</atprecis><attscale>0</attscale><attalias Sync="TRUE">SVRG_UN</attalias></attr><attr><attrtype>String</attrtype><attrlabl>CAPT</attrlabl><attrdef>Capital of the Country</attrdef><attrdefs>GAUL</attrdefs><attwidth>30</attwidth><atprecis>0</atprecis><attscale>0</attscale><attalias Sync="TRUE">CAPT</attalias></attr><attr><attrtype>Single</attrtype><attrlabl>CENT_MERI</attrlabl><attrdef>longitude coordinate of the center of the country</attrdef><attrdefs>GISCO</attrdefs><attwidth>4</attwidth><atprecis>5</atprecis><attscale>1</attscale><attalias Sync="TRUE">CENT_MERI</attalias></attr><attr><attrlabl Sync="TRUE">EFTA_TERR</attrlabl><attalias Sync="TRUE">EFTA_TERR</attalias><attrtype Sync="TRUE">String</attrtype><attwidth Sync="TRUE">1</attwidth><atprecis Sync="TRUE">0</atprecis><attscale Sync="TRUE">0</attscale></attr><attr><attrlabl Sync="TRUE">CC_TERR</attrlabl><attalias Sync="TRUE">CC_TERR</attalias><attrtype Sync="TRUE">String</attrtype><attwidth Sync="TRUE">1</attwidth><atprecis Sync="TRUE">0</atprecis><attscale Sync="TRUE">0</attscale></attr><attr><attrtype>Single</attrtype><attrlabl>LAT_ORIG</attrlabl><attrdef>lattitude coordinate of the center of the country</attrdef><attrdefs>GISCO</attrdefs><attwidth>4</attwidth><atprecis>5</atprecis><attscale>1</attscale><attalias Sync="TRUE">LAT_ORIG</attalias></attr><attr><attrlabl Sync="TRUE">CNTR_CODE_</attrlabl><attalias Sync="TRUE">CNTR_CODE_</attalias><attrtype Sync="TRUE">String</attrtype><attwidth Sync="TRUE">2</attwidth><atprecis Sync="TRUE">0</atprecis><attscale Sync="TRUE">0</attscale></attr><attr><attrlabl Sync="TRUE">EU_TERR</attrlabl><attalias Sync="TRUE">EU_TERR</attalias><attrtype Sync="TRUE">String</attrtype><attwidth Sync="TRUE">5</attwidth><atprecis Sync="TRUE">0</atprecis><attscale Sync="TRUE">0</attscale></attr></detailed><detailed Name="CNTR_RG_01M_2010_AT"><enttyp><enttypl>CNTR_RG_01M_2010_AT</enttypl><enttypd>1 - 1 relationship between CNTR_AT (CNTR_ID) and CNTR_RG_100K_2010 (CNTR_ID) to identify the name of a specific Country</enttypd><enttypt Sync="TRUE">Relationship</enttypt></enttyp></detailed><detailed Name="CNTR_RG_20M_2010_AT"><enttyp><enttypl>CNTR_RG_20M_2010_AT</enttypl><enttypd>1 - 1 relationship between CNTR_AT (CNTR_ID) and CNTR_LB_2010 (CNTR_ID) to identify the name of a specific Country</enttypd><enttypt Sync="TRUE">Relationship</enttypt></enttyp></detailed><detailed Name="CNTR_RG_10M_2010_AT"><enttyp><enttypl>CNTR_RG_10M_2010_AT</enttypl><enttypt Sync="TRUE">Relationship</enttypt></enttyp></detailed><detailed Name="CNTR_RG_03M_2010_AT"><enttyp><enttypl>CNTR_RG_03M_2010_AT</enttypl><enttypt Sync="TRUE">Relationship</enttypt></enttyp></detailed><detailed Name="CNTR_LB_2010_AT"><enttyp><enttypl>CNTR_LB_2010_AT</enttypl><enttypt Sync="TRUE">Relationship</enttypt></enttyp></detailed><detailed Name="CNTR_RG_100K_2010_AT"><enttyp><enttypl>CNTR_RG_100K_2010_AT</enttypl><enttypt Sync="TRUE">Relationship</enttypt></enttyp></detailed><detailed Name="CNTR_RG_60M_2010_AT"><enttyp><enttypl>CNTR_RG_60M_2010_AT</enttypl><enttypd>1 - 1 relationship between CNTR_AT (CNTR_ID) and CNTR_RG_100K_2010 (CNTR_ID) to identify the name of a specific Country</enttypd><enttypt Sync="TRUE">Relationship</enttypt></enttyp></detailed></eainfo><Esri><CreaDate>20111222</CreaDate><CreaTime>11192600</CreaTime><SyncOnce>FALSE</SyncOnce><SyncDate>20140113</SyncDate><SyncTime>16552600</SyncTime><ModDate>20140113</ModDate><ModTime>16552600</ModTime><DataProperties><lineage><Process ToolSource="D:\Program Files\ArcGIS\ArcToolbox\Toolboxes\Conversion Tools.tbx\TableToTable" Date="20100127" Time="103824" Name="" export="">TableToTable "Database Connections\GISCO DEV RW.sde\GISCO.CNTR_AT" "E:\rubish to delete asap\CNTR_AT.mdb" CNTR_AT # "CNTR_ID 'CNTR_ID' true true false 2 Text 0 0 ,First,#,Database Connections\GISCO DEV RW.sde\GISCO.CNTR_AT,CNTR_ID,-1,-1;CNTR_NAME 'CNTR_NAME' true true false 255 Text 0 0 ,First,#,Database Connections\GISCO DEV RW.sde\GISCO.CNTR_AT,CNTR_NAME,-1,-1;NAME_ASCI 'NAME_ASCI' true true false 150 Text 0 0 ,First,#,Database Connections\GISCO DEV RW.sde\GISCO.CNTR_AT,NAME_ASCI,-1,-1;NAME_ENGL 'NAME_ENGL' true true false 255 Text 0 0 ,First,#,Database Connections\GISCO DEV RW.sde\GISCO.CNTR_AT,NAME_ENGL,-1,-1;NAME_FREN 'NAME_FREN' true true false 255 Text 0 0 ,First,#,Database Connections\GISCO DEV RW.sde\GISCO.CNTR_AT,NAME_FREN,-1,-1;POLI_ORG_CODE 'POLI_ORG_CODE' true true false 4 Long 0 5 ,First,#,Database Connections\GISCO DEV RW.sde\GISCO.CNTR_AT,POLI_ORG_CODE,-1,-1;CNTR_CODE_STAT 'CNTR_CODE_STAT' true true false 2 Text 0 0 ,First,#,Database Connections\GISCO DEV RW.sde\GISCO.CNTR_AT,CNTR_CODE_STAT,-1,-1;NAME_GAUL 'NAME_GAUL' true true false 150 Text 0 0 ,First,#,Database Connections\GISCO DEV RW.sde\GISCO.CNTR_AT,NAME_GAUL,-1,-1;ISO3_CODE 'ISO3_CODE' true true false 3 Text 0 0 ,First,#,Database Connections\GISCO DEV RW.sde\GISCO.CNTR_AT,ISO3_CODE,-1,-1;SVRG_UN 'SVRG_UN' true true false 60 Text 0 0 ,First,#,Database Connections\GISCO DEV RW.sde\GISCO.CNTR_AT,SVRG_UN,-1,-1;CAPT 'CAPT' true true false 30 Text 0 0 ,First,#,Database Connections\GISCO DEV RW.sde\GISCO.CNTR_AT,CAPT,-1,-1;CENT_MERI 'CENT_MERI' true true false 4 Float 1 5 ,First,#,Database Connections\GISCO DEV RW.sde\GISCO.CNTR_AT,CENT_MERI,-1,-1;LAT_ORIG 'LAT_ORIG' true true false 4 Float 1 5 ,First,#,Database Connections\GISCO DEV RW.sde\GISCO.CNTR_AT,LAT_ORIG,-1,-1" # "E:\rubish to delete asap\CNTR_AT.mdb\CNTR_AT"</Process><Process ToolSource="D:\Program Files\ArcGIS\ArcToolbox\Toolboxes\Data Management Tools.tbx\AddIndex" Date="20100128" Time="094848" Name="" export="">AddIndex "Database Connections\GISCO PROD.sde\GISCO.CNTR_AT" CNTR_ID IDX_CNTR_AT_CNTR_ID UNIQUE NON_ASCENDING "Database Connections\GISCO PROD.sde\GISCO.CNTR_AT"</Process><Process ToolSource="D:\Program Files\ArcGIS\ArcToolbox\Toolboxes\Data Management Tools.tbx\AddIndex" Date="20100128" Time="095004" Name="" export="">AddIndex "Database Connections\GISCO PROD.sde\GISCO.CNTR_AT" CNTR_NAME IDX_CNTR_NAME NON_UNIQUE NON_ASCENDING "Database Connections\GISCO PROD.sde\GISCO.CNTR_AT"</Process><Process ToolSource="C:\ArcGIS\ArcToolbox\Toolboxes\Data Management Tools.tbx\CopyRows" Date="20110328" Time="180346" Name="" export="">CopyRows D:\LAV\20110126_gisco_db\GISCO_2010\GISCO_2010.gdb\CNTR_AT D:\LAV\20110126_gisco_db\COMM_PLUS\COMM_PLUS.gdb\CNTR_AT #</Process><Process ToolSource="D:\Program Files\ArcGIS\ArcToolbox\Toolboxes\Conversion Tools.tbx\TableToTable" Date="20111219" Time="172408" Name="" export="">TableToTable "J:\users\diegoce\Specific convention\Specific convention 8\02 AB generalisatons\Final delivery v1.0\SC3_A2_GENERALISATION(Final).gdb\CNTR_AT" "J:\users\diegoce\Specific convention\Specific convention 8\02 AB generalisatons\Final delivery v1.0\compare.mdb" CNTR_AT_new # "CNTR_ID 'CNTR_ID' true true false 2 Text 0 0 ,First,#,J:\users\diegoce\Specific convention\Specific convention 8\02 AB generalisatons\Final delivery v1.0\SC3_A2_GENERALISATION(Final).gdb\CNTR_AT,CNTR_ID,-1,-1;CNTR_NAME 'CNTR_NAME' true true false 255 Text 0 0 ,First,#,J:\users\diegoce\Specific convention\Specific convention 8\02 AB generalisatons\Final delivery v1.0\SC3_A2_GENERALISATION(Final).gdb\CNTR_AT,CNTR_NAME,-1,-1;NAME_ASCI 'NAME_ASCI' true true false 150 Text 0 0 ,First,#,J:\users\diegoce\Specific convention\Specific convention 8\02 AB generalisatons\Final delivery v1.0\SC3_A2_GENERALISATION(Final).gdb\CNTR_AT,NAME_ASCI,-1,-1;NAME_ENGL 'NAME_ENGL' true true false 255 Text 0 0 ,First,#,J:\users\diegoce\Specific convention\Specific convention 8\02 AB generalisatons\Final delivery v1.0\SC3_A2_GENERALISATION(Final).gdb\CNTR_AT,NAME_ENGL,-1,-1;NAME_FREN 'NAME_FREN' true true false 255 Text 0 0 ,First,#,J:\users\diegoce\Specific convention\Specific convention 8\02 AB generalisatons\Final delivery v1.0\SC3_A2_GENERALISATION(Final).gdb\CNTR_AT,NAME_FREN,-1,-1;POLI_ORG_CODE 'POLI_ORG_CODE' true true false 4 Long 0 0 ,First,#,J:\users\diegoce\Specific convention\Specific convention 8\02 AB generalisatons\Final delivery v1.0\SC3_A2_GENERALISATION(Final).gdb\CNTR_AT,POLI_ORG_CODE,-1,-1;CNTR_CODE_STAT 'CNTR_CODE_STAT' true true false 2 Text 0 0 ,First,#,J:\users\diegoce\Specific convention\Specific convention 8\02 AB generalisatons\Final delivery v1.0\SC3_A2_GENERALISATION(Final).gdb\CNTR_AT,CNTR_CODE_STAT,-1,-1;NAME_GAUL 'NAME_GAUL' true true false 150 Text 0 0 ,First,#,J:\users\diegoce\Specific convention\Specific convention 8\02 AB generalisatons\Final delivery v1.0\SC3_A2_GENERALISATION(Final).gdb\CNTR_AT,NAME_GAUL,-1,-1;ISO3_CODE 'ISO3_CODE' true true false 3 Text 0 0 ,First,#,J:\users\diegoce\Specific convention\Specific convention 8\02 AB generalisatons\Final delivery v1.0\SC3_A2_GENERALISATION(Final).gdb\CNTR_AT,ISO3_CODE,-1,-1;SVRG_UN 'SVRG_UN' true true false 60 Text 0 0 ,First,#,J:\users\diegoce\Specific convention\Specific convention 8\02 AB generalisatons\Final delivery v1.0\SC3_A2_GENERALISATION(Final).gdb\CNTR_AT,SVRG_UN,-1,-1;CAPT 'CAPT' true true false 30 Text 0 0 ,First,#,J:\users\diegoce\Specific convention\Specific convention 8\02 AB generalisatons\Final delivery v1.0\SC3_A2_GENERALISATION(Final).gdb\CNTR_AT,CAPT,-1,-1;CENT_MERI 'CENT_MERI' true true false 8 Double 0 0 ,First,#,J:\users\diegoce\Specific convention\Specific convention 8\02 AB generalisatons\Final delivery v1.0\SC3_A2_GENERALISATION(Final).gdb\CNTR_AT,CENT_MERI,-1,-1;LAT_ORIG 'LAT_ORIG' true true false 8 Double 0 0 ,First,#,J:\users\diegoce\Specific convention\Specific convention 8\02 AB generalisatons\Final delivery v1.0\SC3_A2_GENERALISATION(Final).gdb\CNTR_AT,LAT_ORIG,-1,-1;EU_TERR 'EU_TERR' true true false 5 Text 0 0 ,First,#,J:\users\diegoce\Specific convention\Specific convention 8\02 AB generalisatons\Final delivery v1.0\SC3_A2_GENERALISATION(Final).gdb\CNTR_AT,EU_TERR,-1,-1" # "J:\users\diegoce\Specific convention\Specific convention 8\02 AB generalisatons\Final delivery v1.0\compare.mdb\CNTR_AT_new"</Process><Process ToolSource="D:\Program Files\ArcGIS\Desktop10.0\ArcToolbox\Toolboxes\Data Management Tools.tbx\ChangePrivileges" Date="20120321" Time="172927" Name="" export="">ChangePrivileges Z:\app\tools\MSMToolset\GISCO.sde\GISCO.CNTR_AT giscoview GRANT AS_IS</Process><Process ToolSource="D:\Program Files\ArcGIS\Desktop10.0\ArcToolbox\Toolboxes\Data Management Tools.tbx\ChangePrivileges" Date="20120321" Time="172948" Name="" export="">ChangePrivileges Z:\app\tools\MSMToolset\GISCO.sde\GISCO.CNTR_AT giscoview GRANT AS_IS</Process><Process ToolSource="D:\Program Files\ArcGIS\Desktop10.0\ArcToolbox\Toolboxes\Data Management Tools.tbx\ChangePrivileges" Date="20120321" Time="173010" Name="" export="">ChangePrivileges Z:\app\tools\MSMToolset\GISCO.sde\GISCO.CNTR_AT giscoview GRANT AS_IS</Process><Process ToolSource="D:\Program Files\ArcGIS\Desktop10.0\ArcToolbox\Toolboxes\Data Management Tools.tbx\ChangePrivileges" Date="20120321" Time="173032" Name="" export="">ChangePrivileges Z:\app\tools\MSMToolset\GISCO.sde\GISCO.CNTR_AT giscoview GRANT AS_IS</Process><Process ToolSource="D:\Program Files\ArcGIS\Desktop10.0\ArcToolbox\Toolboxes\Data Management Tools.tbx\ChangePrivileges" Date="20120321" Time="173054" Name="" export="">ChangePrivileges Z:\app\tools\MSMToolset\GISCO.sde\GISCO.CNTR_AT giscoview GRANT AS_IS</Process><Process ToolSource="D:\Program Files\ArcGIS\Desktop10.0\ArcToolbox\Toolboxes\Data Management Tools.tbx\ChangePrivileges" Date="20120321" Time="173118" Name="" export="">ChangePrivileges Z:\app\tools\MSMToolset\GISCO.sde\GISCO.CNTR_AT giscoview GRANT AS_IS</Process><Process ToolSource="D:\Program Files\ArcGIS\Desktop10.0\ArcToolbox\Toolboxes\Data Management Tools.tbx\ChangePrivileges" Date="20120321" Time="173140" Name="" export="">ChangePrivileges Z:\app\tools\MSMToolset\GISCO.sde\GISCO.CNTR_AT giscoview GRANT AS_IS</Process><Process ToolSource="D:\Program Files\ArcGIS\Desktop10.0\ArcToolbox\Toolboxes\Data Management Tools.tbx\ChangePrivileges" Date="20120321" Time="173200" Name="" export="">ChangePrivileges Z:\app\tools\MSMToolset\GISCO.sde\GISCO.CNTR_AT giscoview GRANT AS_IS</Process><Process ToolSource="D:\Program Files\ArcGIS\Desktop10.0\ArcToolbox\Toolboxes\Data Management Tools.tbx\ChangePrivileges" Date="20120321" Time="174832" Name="" export="">ChangePrivileges Z:\app\tools\MSMToolset\GISCO.sde\GISCO.CNTR_AT giscoview GRANT AS_IS</Process><Process ToolSource="D:\Program Files\ArcGIS\Desktop10.0\ArcToolbox\Toolboxes\Data Management Tools.tbx\ChangePrivileges" Date="20120321" Time="175103" Name="" export="">ChangePrivileges Z:\app\tools\MSMToolset\GISCO.sde\GISCO.CNTR_AT giscoview GRANT AS_IS</Process><Process ToolSource="D:\Program Files\ArcGIS\Desktop10.0\ArcToolbox\Toolboxes\Data Management Tools.tbx\ChangePrivileges" Date="20120321" Time="175123" Name="" export="">ChangePrivileges Z:\app\tools\MSMToolset\GISCO.sde\GISCO.CNTR_AT giscoview GRANT AS_IS</Process><Process ToolSource="D:\Program Files\ArcGIS\Desktop10.0\ArcToolbox\Toolboxes\Data Management Tools.tbx\ChangePrivileges" Date="20120321" Time="175138" Name="" export="">ChangePrivileges Z:\app\tools\MSMToolset\GISCO.sde\GISCO.CNTR_AT giscoview GRANT AS_IS</Process><Process ToolSource="D:\Program Files\ArcGIS\Desktop10.0\ArcToolbox\Toolboxes\Data Management Tools.tbx\ChangePrivileges" Date="20120321" Time="175200" Name="" export="">ChangePrivileges Z:\app\tools\MSMToolset\GISCO.sde\GISCO.CNTR_AT giscoview GRANT AS_IS</Process><Process ToolSource="D:\Program Files\ArcGIS\Desktop10.0\ArcToolbox\Toolboxes\Data Management Tools.tbx\ChangePrivileges" Date="20120321" Time="175222" Name="" export="">ChangePrivileges Z:\app\tools\MSMToolset\GISCO.sde\GISCO.CNTR_AT giscoview GRANT AS_IS</Process><Process ToolSource="D:\Program Files\ArcGIS\Desktop10.0\ArcToolbox\Toolboxes\Data Management Tools.tbx\ChangePrivileges" Date="20120321" Time="175247" Name="" export="">ChangePrivileges Z:\app\tools\MSMToolset\GISCO.sde\GISCO.CNTR_AT giscoview GRANT AS_IS</Process><Process ToolSource="D:\Program Files\ArcGIS\Desktop10.0\ArcToolbox\Toolboxes\Data Management Tools.tbx\ChangePrivileges" Date="20120321" Time="175312" Name="" export="">ChangePrivileges Z:\app\tools\MSMToolset\GISCO.sde\GISCO.CNTR_AT giscoview GRANT AS_IS</Process><Process ToolSource="D:\Program Files\ArcGIS\Desktop10.0\ArcToolbox\Toolboxes\Data Management Tools.tbx\ChangePrivileges" Date="20120321" Time="175335" Name="" export="">ChangePrivileges Z:\app\tools\MSMToolset\GISCO.sde\GISCO.CNTR_AT giscoview GRANT AS_IS</Process><Process ToolSource="D:\Program Files\ArcGIS\Desktop10.0\ArcToolbox\Toolboxes\Data Management Tools.tbx\ChangePrivileges" Date="20120321" Time="175353" Name="" export="">ChangePrivileges Z:\app\tools\MSMToolset\GISCO.sde\GISCO.CNTR_AT giscoview GRANT AS_IS</Process><Process ToolSource="D:\Program Files\ArcGIS\Desktop10.0\ArcToolbox\Toolboxes\Data Management Tools.tbx\ChangePrivileges" Date="20120321" Time="175410" Name="" export="">ChangePrivileges Z:\app\tools\MSMToolset\GISCO.sde\GISCO.CNTR_AT giscoview GRANT AS_IS</Process><Process ToolSource="D:\Program Files\ArcGIS\Desktop10.0\ArcToolbox\Toolboxes\Data Management Tools.tbx\ChangePrivileges" Date="20120321" Time="175426" Name="" export="">ChangePrivileges Z:\app\tools\MSMToolset\GISCO.sde\GISCO.CNTR_AT giscoview GRANT AS_IS</Process><Process ToolSource="D:\Program Files\ArcGIS\Desktop10.0\ArcToolbox\Toolboxes\Data Management Tools.tbx\ChangePrivileges" Date="20120321" Time="180244" Name="" export="">ChangePrivileges Z:\app\tools\MSMToolset\GISCO.sde\GISCO.CNTR_AT giscoview GRANT AS_IS</Process><Process ToolSource="D:\Program Files\ArcGIS\Desktop10.0\ArcToolbox\Toolboxes\Data Management Tools.tbx\ChangePrivileges" Date="20120321" Time="180313" Name="" export="">ChangePrivileges Z:\app\tools\MSMToolset\GISCO.sde\GISCO.CNTR_AT giscoview GRANT AS_IS</Process><Process ToolSource="D:\Program Files\ArcGIS\Desktop10.0\ArcToolbox\Toolboxes\Data Management Tools.tbx\ChangePrivileges" Date="20120321" Time="180429" Name="" export="">ChangePrivileges Z:\app\tools\MSMToolset\GISCO.sde\GISCO.CNTR_AT giscoview GRANT AS_IS</Process><Process ToolSource="D:\Program Files\ArcGIS\Desktop10.0\ArcToolbox\Toolboxes\Data Management Tools.tbx\ChangePrivileges" Date="20120321" Time="180726" Name="" export="">ChangePrivileges Z:\app\tools\MSMToolset\GISCO.sde\GISCO.CNTR_AT giscoview GRANT AS_IS</Process><Process ToolSource="D:\Program Files\ArcGIS\Desktop10.0\ArcToolbox\Toolboxes\Data Management Tools.tbx\ChangePrivileges" Date="20120321" Time="180801" Name="" export="">ChangePrivileges Z:\app\tools\MSMToolset\GISCO.sde\GISCO.CNTR_AT giscoview GRANT AS_IS</Process><Process ToolSource="D:\Program Files\ArcGIS\Desktop10.0\ArcToolbox\Toolboxes\Data Management Tools.tbx\ChangePrivileges" Date="20120321" Time="180842" Name="" export="">ChangePrivileges Z:\app\tools\MSMToolset\GISCO.sde\GISCO.CNTR_AT giscoview GRANT AS_IS</Process><Process ToolSource="D:\Program Files\ArcGIS\Desktop10.0\ArcToolbox\Toolboxes\Data Management Tools.tbx\ChangePrivileges" Date="20120321" Time="181350" Name="" export="">ChangePrivileges Z:\app\tools\MSMToolset\GISCO.sde\GISCO.CNTR_AT giscoview GRANT AS_IS</Process><Process ToolSource="D:\Program Files\ArcGIS\Desktop10.0\ArcToolbox\Toolboxes\Data Management Tools.tbx\ChangePrivileges" Date="20120321" Time="181421" Name="" export="">ChangePrivileges Z:\app\tools\MSMToolset\GISCO.sde\GISCO.CNTR_AT giscoview GRANT AS_IS</Process><Process ToolSource="D:\Program Files\ArcGIS\Desktop10.0\ArcToolbox\Toolboxes\Data Management Tools.tbx\ChangePrivileges" Date="20120321" Time="181452" Name="" export="">ChangePrivileges Z:\app\tools\MSMToolset\GISCO.sde\GISCO.CNTR_AT giscoview GRANT AS_IS</Process><Process ToolSource="D:\Program Files\ArcGIS\Desktop10.0\ArcToolbox\Toolboxes\Data Management Tools.tbx\ChangePrivileges" Date="20120321" Time="181534" Name="" export="">ChangePrivileges Z:\app\tools\MSMToolset\GISCO.sde\GISCO.CNTR_AT giscoview GRANT AS_IS</Process><Process ToolSource="D:\Program Files\ArcGIS\Desktop10.0\ArcToolbox\Toolboxes\Data Management Tools.tbx\ChangePrivileges" Date="20120321" Time="181609" Name="" export="">ChangePrivileges Z:\app\tools\MSMToolset\GISCO.sde\GISCO.CNTR_AT giscoview GRANT AS_IS</Process><Process ToolSource="D:\Program Files\ArcGIS\Desktop10.0\ArcToolbox\Toolboxes\Data Management Tools.tbx\ChangePrivileges" Date="20120322" Time="161056" Name="" export="">ChangePrivileges Z:\app\tools\MSMToolset\GISCO.sde\GISCO.CNTR_AT GISCOVIEW GRANT AS_IS</Process><Process ToolSource="D:\Program Files\ArcGIS\Desktop10.0\ArcToolbox\Toolboxes\Data Management Tools.tbx\ChangePrivileges" Date="20120417" Time="145346" Name="" export="">ChangePrivileges Z:\app\tools\MSMToolset\GISCO.sde\GISCO.CNTR_AT giscoview GRANT AS_IS</Process><Process ToolSource="D:\Program Files\ArcGIS\Desktop10.0\ArcToolbox\Toolboxes\Data Management Tools.tbx\ChangePrivileges" Date="20120417" Time="145454" Name="" export="">ChangePrivileges Z:\app\tools\MSMToolset\GISCO.sde\GISCO.CNTR_AT giscoview GRANT AS_IS</Process><Process ToolSource="D:\Program Files\ArcGIS\Desktop10.0\ArcToolbox\Toolboxes\Data Management Tools.tbx\ChangePrivileges" Date="20120417" Time="145512" Name="" export="">ChangePrivileges Z:\app\tools\MSMToolset\GISCO.sde\GISCO.CNTR_AT giscoview GRANT AS_IS</Process><Process ToolSource="D:\Program Files\ArcGIS\Desktop10.0\ArcToolbox\Toolboxes\Data Management Tools.tbx\ChangePrivileges" Date="20120417" Time="145530" Name="" export="">ChangePrivileges Z:\app\tools\MSMToolset\GISCO.sde\GISCO.CNTR_AT giscoview GRANT AS_IS</Process><Process ToolSource="D:\Program Files\ArcGIS\Desktop10.0\ArcToolbox\Toolboxes\Data Management Tools.tbx\ChangePrivileges" Date="20120417" Time="145548" Name="" export="">ChangePrivileges Z:\app\tools\MSMToolset\GISCO.sde\GISCO.CNTR_AT giscoview GRANT AS_IS</Process><Process ToolSource="D:\Program Files\ArcGIS\Desktop10.0\ArcToolbox\Toolboxes\Data Management Tools.tbx\ChangePrivileges" Date="20120417" Time="145606" Name="" export="">ChangePrivileges Z:\app\tools\MSMToolset\GISCO.sde\GISCO.CNTR_AT giscoview GRANT AS_IS</Process><Process ToolSource="D:\Program Files\ArcGIS\Desktop10.0\ArcToolbox\Toolboxes\Data Management Tools.tbx\ChangePrivileges" Date="20120417" Time="145625" Name="" export="">ChangePrivileges Z:\app\tools\MSMToolset\GISCO.sde\GISCO.CNTR_AT giscoview GRANT AS_IS</Process><Process ToolSource="D:\Program Files\ArcGIS\Desktop10.0\ArcToolbox\Toolboxes\Data Management Tools.tbx\ChangePrivileges" Date="20120417" Time="145641" Name="" export="">ChangePrivileges Z:\app\tools\MSMToolset\GISCO.sde\GISCO.CNTR_AT giscoview GRANT AS_IS</Process><Process ToolSource="D:\Program Files\ArcGIS\Desktop10.0\ArcToolbox\Toolboxes\Data Management Tools.tbx\ChangePrivileges" Date="20120417" Time="145657" Name="" export="">ChangePrivileges Z:\app\tools\MSMToolset\GISCO.sde\GISCO.CNTR_AT giscoview GRANT AS_IS</Process><Process ToolSource="D:\Program Files\ArcGIS\Desktop10.0\ArcToolbox\Toolboxes\Data Management Tools.tbx\ChangePrivileges" Date="20120417" Time="145713" Name="" export="">ChangePrivileges Z:\app\tools\MSMToolset\GISCO.sde\GISCO.CNTR_AT giscoview GRANT AS_IS</Process><Process ToolSource="D:\Program Files\ArcGIS\Desktop10.0\ArcToolbox\Toolboxes\Data Management Tools.tbx\ChangePrivileges" Date="20120417" Time="145729" Name="" export="">ChangePrivileges Z:\app\tools\MSMToolset\GISCO.sde\GISCO.CNTR_AT giscoview GRANT AS_IS</Process><Process ToolSource="D:\Program Files\ArcGIS\Desktop10.0\ArcToolbox\Toolboxes\Data Management Tools.tbx\ChangePrivileges" Date="20120417" Time="145745" Name="" export="">ChangePrivileges Z:\app\tools\MSMToolset\GISCO.sde\GISCO.CNTR_AT giscoview GRANT AS_IS</Process><Process ToolSource="D:\Program Files\ArcGIS\Desktop10.0\ArcToolbox\Toolboxes\Data Management Tools.tbx\ChangePrivileges" Date="20120417" Time="145802" Name="" export="">ChangePrivileges Z:\app\tools\MSMToolset\GISCO.sde\GISCO.CNTR_AT giscoview GRANT AS_IS</Process><Process ToolSource="D:\Program Files\ArcGIS\Desktop10.0\ArcToolbox\Toolboxes\Data Management Tools.tbx\ChangePrivileges" Date="20120417" Time="145818" Name="" export="">ChangePrivileges Z:\app\tools\MSMToolset\GISCO.sde\GISCO.CNTR_AT giscoview GRANT AS_IS</Process><Process ToolSource="D:\Program Files\ArcGIS\Desktop10.0\ArcToolbox\Toolboxes\Data Management Tools.tbx\ChangePrivileges" Date="20120417" Time="153659" Name="" export="">ChangePrivileges Z:\app\tools\MSMToolset\GISCO.sde\GISCO.CNTR_AT giscoview GRANT AS_IS</Process><Process ToolSource="D:\Program Files\ArcGIS\Desktop10.0\ArcToolbox\Toolboxes\Data Management Tools.tbx\ChangePrivileges" Date="20120417" Time="153837" Name="" export="">ChangePrivileges Z:\app\tools\MSMToolset\GISCO.sde\GISCO.CNTR_AT giscoview GRANT AS_IS</Process><Process ToolSource="D:\Program Files\ArcGIS\Desktop10.0\ArcToolbox\Toolboxes\Data Management Tools.tbx\ChangePrivileges" Date="20120417" Time="153934" Name="" export="">ChangePrivileges Z:\app\tools\MSMToolset\GISCO.sde\GISCO.CNTR_AT giscoview GRANT AS_IS</Process><Process ToolSource="D:\Program Files\ArcGIS\Desktop10.0\ArcToolbox\Toolboxes\Data Management Tools.tbx\ChangePrivileges" Date="20120417" Time="154302" Name="" export="">ChangePrivileges Z:\app\tools\MSMToolset\GISCO.sde\GISCO.CNTR_AT giscoview GRANT AS_IS</Process><Process ToolSource="D:\Program Files\ArcGIS\Desktop10.0\ArcToolbox\Toolboxes\Data Management Tools.tbx\ChangePrivileges" Date="20120417" Time="154611" Name="" export="">ChangePrivileges Z:\app\tools\MSMToolset\GISCO.sde\GISCO.CNTR_AT giscoview GRANT AS_IS</Process><Process Name="Delete Field" ToolSource="D:\Program Files\ArcGIS\Desktop10.0\ArcToolbox\Toolboxes\Data Management Tools.tbx\DeleteField" Date="20120424" Time="102559" export="">DeleteField Z:\webapp\mapservices\Maps\connection-files\ACC\ACC-DIRECT-GISCO.sde\GISCO.CNTR_AT ISO_STAT_CODE</Process><Process Name="Add Field" ToolSource="D:\Program Files\ArcGIS\Desktop10.0\ArcToolbox\Toolboxes\Data Management Tools.tbx\AddField" Date="20120424" Time="102618" export="">AddField Z:\webapp\mapservices\Maps\connection-files\ACC\ACC-DIRECT-GISCO.sde\GISCO.CNTR_AT CNTR_CODE_STAT TEXT # # 2 # NULLABLE NON_REQUIRED #</Process><Process Name="Delete Field (2)" ToolSource="D:\Program Files\ArcGIS\Desktop10.0\ArcToolbox\Toolboxes\Data Management Tools.tbx\DeleteField" Date="20120424" Time="102638" export="">DeleteField Z:\webapp\mapservices\Maps\connection-files\ACC\ACC-DIRECT-GISCO.sde\GISCO.CNTR_AT EU_TERR</Process><Process Name="Add Field (2)" ToolSource="D:\Program Files\ArcGIS\Desktop10.0\ArcToolbox\Toolboxes\Data Management Tools.tbx\AddField" Date="20120424" Time="102642" export="">AddField Z:\webapp\mapservices\Maps\connection-files\ACC\ACC-DIRECT-GISCO.sde\GISCO.CNTR_AT EU_TERR TEXT # # 5 # NULLABLE NON_REQUIRED #</Process><Process Name="Delete Rows" ToolSource="D:\Program Files\ArcGIS\Desktop10.0\ArcToolbox\Toolboxes\Data Management Tools.tbx\DeleteRows" Date="20120424" Time="102747" export="">DeleteRows Z:\webapp\mapservices\Maps\connection-files\ACC\ACC-DIRECT-GISCO.sde\GISCO.CNTR_AT</Process><Process Name="Append (15)" ToolSource="D:\Program Files\ArcGIS\Desktop10.0\ArcToolbox\Toolboxes\Data Management Tools.tbx\Append" Date="20120424" Time="102847" export="">Append 'J:\users\diegoce\Specific convention\Specific convention 08\02 AB generalisatons\Final delivery v1.2\SC3_A2_GENERALISATION(Final).gdb\CNTR_AT' Z:\webapp\mapservices\Maps\connection-files\ACC\ACC-DIRECT-GISCO.sde\GISCO.CNTR_AT TEST # #</Process><Process ToolSource="C:\Program Files (x86)\ArcGIS\Desktop10.0\ArcToolbox\Toolboxes\Data Management Tools.tbx\CalculateField" Date="20120801" Time="114225" Name="" export="">CalculateField GISCO.CNTR_AT EFTA_TERR "Y" VB #</Process><Process ToolSource="C:\Program Files (x86)\ArcGIS\Desktop10.0\ArcToolbox\Toolboxes\Data Management Tools.tbx\CalculateField" Date="20120801" Time="114325" Name="" export="">CalculateField GISCO.CNTR_AT CC_TERR "Y" VB #</Process><Process ToolSource="C:\Program Files (x86)\ArcGIS\Desktop10.0\ArcToolbox\Toolboxes\Data Management Tools.tbx\CalculateField" Date="20120801" Time="120538" Name="" export="">CalculateField GISCO.CNTR_AT CC_TERR "Y" VB #</Process><Process ToolSource="C:\Program Files (x86)\ArcGIS\Desktop10.0\ArcToolbox\Toolboxes\Data Management Tools.tbx\CalculateField" Date="20120801" Time="120721" Name="" export="">CalculateField GISCO.CNTR_AT EU_TERR "" VB #</Process><Process ToolSource="C:\Program Files (x86)\ArcGIS\Desktop10.0\ArcToolbox\Toolboxes\Data Management Tools.tbx\CalculateField" Date="20120801" Time="141357" Name="" export="">CalculateField GISCO.CNTR_AT EU_TERR "Y" VB #</Process><Process Name="Delete Rows" ToolSource="C:\Program Files (x86)\ArcGIS\Desktop10.0\ArcToolbox\Toolboxes\Data Management Tools.tbx\DeleteRows" Date="20121129" Time="153258" export="">DeleteRows Z:\webapp\mapservices\Maps\connection-files\ACC\ACC-DIRECT-GISCO_11g.sde\GISCO.CNTR_AT</Process><Process Name="Append" ToolSource="C:\Program Files (x86)\ArcGIS\Desktop10.0\ArcToolbox\Toolboxes\Data Management Tools.tbx\Append" Date="20121129" Time="153550" export="">Append 'J:\users\diegoce\Specific convention\Specific convention 08\02 AB generalisatons\Final delivery v1.3\SC3_A2_GENERALISATION(12_09_2012).gdb\CNTR_AT' Z:\webapp\mapservices\Maps\connection-files\ACC\ACC-DIRECT-GISCO_11g.sde\GISCO.CNTR_AT TEST # #</Process><Process ToolSource="C:\Program Files (x86)\ArcGIS\Desktop10.0\ArcToolbox\Toolboxes\Data Management Tools.tbx\ChangePrivileges" Date="20130110" Time="083816" Name="" export="">ChangePrivileges Z:\app\tools\MSMToolset\GISCO.sde\GISCO.CNTR_AT GISCOVIEW GRANT AS_IS</Process><Process ToolSource="C:\Program Files (x86)\ArcGIS\Desktop10.0\ArcToolbox\Toolboxes\Data Management Tools.tbx\ChangePrivileges" Date="20130110" Time="083854" Name="" export="">ChangePrivileges Z:\app\tools\MSMToolset\GISCO.sde\GISCO.CNTR_AT GISCOVIEW GRANT AS_IS</Process><Process ToolSource="C:\Program Files (x86)\ArcGIS\Desktop10.0\ArcToolbox\Toolboxes\Data Management Tools.tbx\ChangePrivileges" Date="20130110" Time="083934" Name="" export="">ChangePrivileges Z:\app\tools\MSMToolset\GISCO.sde\GISCO.CNTR_AT GISCOVIEW GRANT AS_IS</Process><Process ToolSource="C:\Program Files (x86)\ArcGIS\Desktop10.0\ArcToolbox\Toolboxes\Data Management Tools.tbx\ChangePrivileges" Date="20130110" Time="084537" Name="" export="">ChangePrivileges Z:\app\tools\MSMToolset\GISCO.sde\GISCO.CNTR_AT giscoview GRANT AS_IS</Process><Process ToolSource="C:\Program Files (x86)\ArcGIS\Desktop10.0\ArcToolbox\Toolboxes\Data Management Tools.tbx\ChangePrivileges" Date="20130110" Time="084613" Name="" export="">ChangePrivileges Z:\app\tools\MSMToolset\GISCO.sde\GISCO.CNTR_AT giscoview GRANT AS_IS</Process><Process ToolSource="C:\Program Files (x86)\ArcGIS\Desktop10.0\ArcToolbox\Toolboxes\Data Management Tools.tbx\ChangePrivileges" Date="20130110" Time="085325" Name="" export="">ChangePrivileges Z:\app\tools\MSMToolset\GISCO.sde\GISCO.CNTR_AT GISCOVIEW GRANT AS_IS</Process><Process ToolSource="C:\Program Files (x86)\ArcGIS\Desktop10.0\ArcToolbox\Toolboxes\Data Management Tools.tbx\ChangePrivileges" Date="20130110" Time="085405" Name="" export="">ChangePrivileges Z:\app\tools\MSMToolset\GISCO.sde\GISCO.CNTR_AT GISCOVIEW GRANT AS_IS</Process><Process ToolSource="C:\Program Files (x86)\ArcGIS\Desktop10.0\ArcToolbox\Toolboxes\Data Management Tools.tbx\ChangePrivileges" Date="20130110" Time="085513" Name="" export="">ChangePrivileges Z:\app\tools\MSMToolset\GISCO.sde\GISCO.CNTR_AT GISCOVIEW GRANT AS_IS</Process><Process ToolSource="C:\Program Files (x86)\ArcGIS\Desktop10.0\ArcToolbox\Toolboxes\Data Management Tools.tbx\ChangePrivileges" Date="20130110" Time="090538" Name="" export="">ChangePrivileges Z:\app\tools\MSMToolset\GISCO.sde\GISCO.CNTR_AT giscoview GRANT AS_IS</Process><Process ToolSource="C:\Program Files (x86)\ArcGIS\Desktop10.0\ArcToolbox\Toolboxes\Data Management Tools.tbx\ChangePrivileges" Date="20130110" Time="090620" Name="" export="">ChangePrivileges Z:\app\tools\MSMToolset\GISCO.sde\GISCO.CNTR_AT giscoview GRANT AS_IS</Process><Process ToolSource="C:\Program Files (x86)\ArcGIS\Desktop10.0\ArcToolbox\Toolboxes\Data Management Tools.tbx\ChangePrivileges" Date="20130110" Time="092050" Name="" export="">ChangePrivileges Z:\app\tools\MSMToolset\GISCO.sde\GISCO.CNTR_AT GISCOVIEW GRANT AS_IS</Process><Process ToolSource="C:\Program Files (x86)\ArcGIS\Desktop10.0\ArcToolbox\Toolboxes\Data Management Tools.tbx\ChangePrivileges" Date="20130110" Time="092629" Name="" export="">ChangePrivileges Z:\app\tools\MSMToolset\GISCO.sde\GISCO.CNTR_AT GISCOVIEW GRANT AS_IS</Process><Process ToolSource="C:\Program Files (x86)\ArcGIS\Desktop10.0\ArcToolbox\Toolboxes\Data Management Tools.tbx\ChangePrivileges" Date="20130110" Time="092729" Name="" export="">ChangePrivileges Z:\app\tools\MSMToolset\GISCO.sde\GISCO.CNTR_AT GISCOVIEW GRANT AS_IS</Process><Process ToolSource="C:\Program Files (x86)\ArcGIS\Desktop10.0\ArcToolbox\Toolboxes\Data Management Tools.tbx\ChangePrivileges" Date="20130110" Time="092814" Name="" export="">ChangePrivileges Z:\app\tools\MSMToolset\GISCO.sde\GISCO.CNTR_AT GISCOVIEW GRANT AS_IS</Process><Process ToolSource="C:\Program Files (x86)\ArcGIS\Desktop10.0\ArcToolbox\Toolboxes\Data Management Tools.tbx\ChangePrivileges" Date="20130110" Time="093422" Name="" export="">ChangePrivileges Z:\app\tools\MSMToolset\GISCO.sde\GISCO.CNTR_AT GISCOVIEW GRANT AS_IS</Process><Process ToolSource="C:\Program Files (x86)\ArcGIS\Desktop10.0\ArcToolbox\Toolboxes\Data Management Tools.tbx\ChangePrivileges" Date="20130110" Time="093448" Name="" export="">ChangePrivileges Z:\app\tools\MSMToolset\GISCO.sde\GISCO.CNTR_AT GISCOVIEW GRANT AS_IS</Process><Process ToolSource="C:\Program Files (x86)\ArcGIS\Desktop10.0\ArcToolbox\Toolboxes\Data Management Tools.tbx\ChangePrivileges" Date="20130110" Time="093538" Name="" export="">ChangePrivileges Z:\app\tools\MSMToolset\GISCO.sde\GISCO.CNTR_AT GISCOVIEW GRANT AS_IS</Process><Process ToolSource="C:\Program Files (x86)\ArcGIS\Desktop10.0\ArcToolbox\Toolboxes\Data Management Tools.tbx\ChangePrivileges" Date="20130110" Time="093855" Name="" export="">ChangePrivileges Z:\app\tools\MSMToolset\GISCO.sde\GISCO.CNTR_AT giscoview GRANT AS_IS</Process><Process ToolSource="C:\Program Files (x86)\ArcGIS\Desktop10.0\ArcToolbox\Toolboxes\Data Management Tools.tbx\ChangePrivileges" Date="20130110" Time="093920" Name="" export="">ChangePrivileges Z:\app\tools\MSMToolset\GISCO.sde\GISCO.CNTR_AT giscoview GRANT AS_IS</Process><Process ToolSource="C:\Program Files (x86)\ArcGIS\Desktop10.0\ArcToolbox\Toolboxes\Data Management Tools.tbx\ChangePrivileges" Date="20130110" Time="125823" Name="" export="">ChangePrivileges Z:\app\tools\MSMToolset\GISCO.sde\GISCO.CNTR_AT giscoview GRANT AS_IS</Process><Process ToolSource="C:\Program Files (x86)\ArcGIS\Desktop10.0\ArcToolbox\Toolboxes\Data Management Tools.tbx\ChangePrivileges" Date="20130110" Time="125902" Name="" export="">ChangePrivileges Z:\app\tools\MSMToolset\GISCO.sde\GISCO.CNTR_AT giscoview GRANT AS_IS</Process><Process ToolSource="C:\Program Files (x86)\ArcGIS\Desktop10.0\ArcToolbox\Toolboxes\Data Management Tools.tbx\ChangePrivileges" Date="20130110" Time="130330" Name="" export="">ChangePrivileges Z:\app\tools\MSMToolset\GISCO.sde\GISCO.CNTR_AT GISCOVIEW GRANT AS_IS</Process><Process ToolSource="C:\Program Files (x86)\ArcGIS\Desktop10.0\ArcToolbox\Toolboxes\Data Management Tools.tbx\ChangePrivileges" Date="20130219" Time="155306" Name="" export="">ChangePrivileges Z:\app\tools\MSMToolset\GISCO.sde\GISCO.CNTR_AT giscoview GRANT AS_IS</Process><Process ToolSource="C:\Program Files (x86)\ArcGIS\Desktop10.0\ArcToolbox\Toolboxes\Data Management Tools.tbx\ChangePrivileges" Date="20130219" Time="155625" Name="" export="">ChangePrivileges Z:\app\tools\MSMToolset\GISCO.sde\GISCO.CNTR_AT giscoview GRANT AS_IS</Process><Process ToolSource="C:\Program Files (x86)\ArcGIS\Desktop10.0\ArcToolbox\Toolboxes\Data Management Tools.tbx\ChangePrivileges" Date="20130219" Time="155644" Name="" export="">ChangePrivileges Z:\app\tools\MSMToolset\GISCO.sde\GISCO.CNTR_AT giscoview GRANT AS_IS</Process><Process ToolSource="C:\Program Files (x86)\ArcGIS\Desktop10.0\ArcToolbox\Toolboxes\Data Management Tools.tbx\ChangePrivileges" Date="20130219" Time="155702" Name="" export="">ChangePrivileges Z:\app\tools\MSMToolset\GISCO.sde\GISCO.CNTR_AT giscoview GRANT AS_IS</Process><Process ToolSource="C:\Program Files (x86)\ArcGIS\Desktop10.0\ArcToolbox\Toolboxes\Data Management Tools.tbx\ChangePrivileges" Date="20130219" Time="155720" Name="" export="">ChangePrivileges Z:\app\tools\MSMToolset\GISCO.sde\GISCO.CNTR_AT giscoview GRANT AS_IS</Process><Process ToolSource="C:\Program Files (x86)\ArcGIS\Desktop10.0\ArcToolbox\Toolboxes\Data Management Tools.tbx\ChangePrivileges" Date="20130219" Time="155738" Name="" export="">ChangePrivileges Z:\app\tools\MSMToolset\GISCO.sde\GISCO.CNTR_AT giscoview GRANT AS_IS</Process><Process ToolSource="C:\Program Files (x86)\ArcGIS\Desktop10.0\ArcToolbox\Toolboxes\Data Management Tools.tbx\ChangePrivileges" Date="20130219" Time="155756" Name="" export="">ChangePrivileges Z:\app\tools\MSMToolset\GISCO.sde\GISCO.CNTR_AT giscoview GRANT AS_IS</Process><Process ToolSource="C:\Program Files (x86)\ArcGIS\Desktop10.0\ArcToolbox\Toolboxes\Data Management Tools.tbx\ChangePrivileges" Date="20130219" Time="155815" Name="" export="">ChangePrivileges Z:\app\tools\MSMToolset\GISCO.sde\GISCO.CNTR_AT giscoview GRANT AS_IS</Process><Process ToolSource="C:\Program Files (x86)\ArcGIS\Desktop10.0\ArcToolbox\Toolboxes\Data Management Tools.tbx\ChangePrivileges" Date="20130219" Time="155832" Name="" export="">ChangePrivileges Z:\app\tools\MSMToolset\GISCO.sde\GISCO.CNTR_AT giscoview GRANT AS_IS</Process><Process Name="Delete Rows" ToolSource="C:\Program Files (x86)\ArcGIS\Desktop10.0\ArcToolbox\Toolboxes\Data Management Tools.tbx\DeleteRows" Date="20130307" Time="082059" export="">DeleteRows Z:\webapp\mapservices\Maps\connection-files\ACC\ACC-DIRECT-GISCO_11g.sde\GISCO.CNTR_AT</Process><Process Name="Append" ToolSource="C:\Program Files (x86)\ArcGIS\Desktop10.0\ArcToolbox\Toolboxes\Data Management Tools.tbx\Append" Date="20130307" Time="082102" export="">Append \\s-troi\GISCO-DB-Backups\20130306_PROD_CNTR_BeforeDistributionToAccLoadDev\20130306_PROD_CNTR.gdb\CNTR_AT Z:\webapp\mapservices\Maps\connection-files\ACC\ACC-DIRECT-GISCO_11g.sde\GISCO.CNTR_AT TEST # #</Process><Process Name="Delete Rows" ToolSource="C:\Program Files (x86)\ArcGIS\Desktop10.0\ArcToolbox\Toolboxes\Data Management Tools.tbx\DeleteRows" Date="20130701" Time="105042" export="">DeleteRows Z:\webapp\mapservices\Maps\connection-files\ACC\ACC-DIRECT-GISCO_11g.sde\GISCO.CNTR_AT</Process><Process Name="Append" ToolSource="C:\Program Files (x86)\ArcGIS\Desktop10.0\ArcToolbox\Toolboxes\Data Management Tools.tbx\Append" Date="20130701" Time="105046" export="">Append J:\develop\Database-Updates\Croatia_acsession\tables.gdb\CNTR_AT Z:\webapp\mapservices\Maps\connection-files\ACC\ACC-DIRECT-GISCO_11g.sde\GISCO.CNTR_AT TEST # #</Process><Process Name="Delete Rows" ToolSource="C:\Program Files (x86)\ArcGIS\Desktop10.0\ArcToolbox\Toolboxes\Data Management Tools.tbx\DeleteRows" Date="20131223" Time="160353" export="">DeleteRows Z:\webapp\mapservices\Maps\connection-files\ACC\ACC-DIRECT-GISCO_11g.sde\GISCO.CNTR_AT</Process><Process Name="Append" ToolSource="C:\Program Files (x86)\ArcGIS\Desktop10.0\ArcToolbox\Toolboxes\Data Management Tools.tbx\Append" Date="20131223" Time="160356" export="">Append V:\QA\Edits\Final\Final.gdb\CNTR_AT Z:\webapp\mapservices\Maps\connection-files\ACC\ACC-DIRECT-GISCO_11g.sde\GISCO.CNTR_AT TEST # #</Process><Process ToolSource="C:\Program Files (x86)\ArcGIS\Desktop10.0\ArcToolbox\Toolboxes\Data Management Tools.tbx\ChangePrivileges" Date="20140107" Time="122028" Name="" export="">ChangePrivileges Z:\webapp\mapservices\Maps\connection-files\ACC\ACC-SDE-GISCO.sde\CNTR_AT giscoread GRANT AS_IS</Process><Process Name="Delete Rows" ToolSource="c:\program files (x86)\arcgis\desktop10.1\ArcToolbox\Toolboxes\Data Management Tools.tbx\DeleteRows" Date="20140110" Time="111011" export="">DeleteRows Z:\webapp\mapservices\Maps\connection-files\ACC\ACC-DIRECT-GISCO_11g.sde\GISCO.CNTR_AT</Process><Process Name="Append" ToolSource="c:\program files (x86)\arcgis\desktop10.1\ArcToolbox\Toolboxes\Data Management Tools.tbx\Append" Date="20140110" Time="111014" export="">Append J:\develop\Database-Updates\Jan_14\Final.gdb\CNTR_AT Z:\webapp\mapservices\Maps\connection-files\ACC\ACC-DIRECT-GISCO_11g.sde\GISCO.CNTR_AT TEST # #</Process><Process Name="Delete Rows" ToolSource="c:\program files (x86)\arcgis\desktop10.1\ArcToolbox\Toolboxes\Data Management Tools.tbx\DeleteRows" Date="20140113" Time="115131">DeleteRows Z:\webapp\mapservices\Maps\connection-files\ACC\ACC-DIRECT-GISCO_11g.sde\GISCO.CNTR_AT</Process><Process Name="Append" ToolSource="c:\program files (x86)\arcgis\desktop10.1\ArcToolbox\Toolboxes\Data Management Tools.tbx\Append" Date="20140113" Time="115133">Append J:\develop\Database-Updates\Jan_14\Final.gdb\CNTR_AT Z:\webapp\mapservices\Maps\connection-files\ACC\ACC-DIRECT-GISCO_11g.sde\GISCO.CNTR_AT TEST # #</Process><Process ToolSource="c:\program files (x86)\arcgis\desktop10.0\ArcToolbox\Toolboxes\Data Management Tools.tbx\CopyRows" Date="20140113" Time="160831">CopyRows \\s-troi\gisco-services\webapp\mapservices\Maps\connection-files\ACC\ACC-DIRECT-GISCO_11g.sde\GISCO.CNTR_AT j:\users\rasmujn\DATA_EXTRACT\2014-01-13\PGDB\NUTS_2010_10M.mdb\CNTR_AT #</Process><Process ToolSource="c:\program files (x86)\arcgis\desktop10.0\ArcToolbox\Toolboxes\Data Management Tools.tbx\CopyRows" Date="20140113" Time="165526">CopyRows j:\users\rasmujn\DATA_EXTRACT\2014-01-13\PGDB\NUTS_2010_10M.mdb\CNTR_AT J:\users\rasmujn\DATA_EXTRACT\2014-01-13\SHAPE\NUTS_2010_10M_SH\CNTR_AT.dbf #</Process></lineage><itemProps><itemLocation><linkage Sync="TRUE">file://\\s-sisko\gisco\users\rasmujn\DATA_EXTRACT\2014-01-13\SHAPE\NUTS_2010_10M_SH\CNTR_AT.dbf</linkage><protocol Sync="TRUE">Local Area Network</protocol></itemLocation><itemName Sync="TRUE">CNTR_AT</itemName><imsContentType Sync="TRUE">002</imsContentType><itemSize Sync="TRUE">0.001</itemSize></itemProps></DataProperties><ArcGISFormat>1.0</ArcGISFormat><ArcGISstyle>INSPIRE Metadata Directive</ArcGISstyle><ArcGISProfile>GISCO Metadata Editor 2012</ArcGISProfile></Esri><dataqual><lineage><procstep><procdesc Sync="TRUE">Metadata imported.</procdesc><srcused Sync="TRUE">J:\develop\metadata\20091125-Contract5-DEV-No-musk\GISCO.CNTR_AT.xml</srcused><procdate Sync="TRUE">20091126</procdate><proctime Sync="TRUE">16112700</proctime></procstep><procstep><procdesc Sync="TRUE">Dataset copied.</procdesc><srcused Sync="TRUE">\\D02DI0616275\D\GISCO\DbSchema\CNTR_AT.mdb</srcused><procdate Sync="TRUE">20100128</procdate><proctime Sync="TRUE">09465100</proctime></procstep><procstep><procdesc Sync="TRUE">Dataset copied.</procdesc><srcused Sync="TRUE">Service=sde:oracle10g; User=gisco; Version=SDE.DEFAULT</srcused><procdate Sync="TRUE">20100210</procdate><proctime Sync="TRUE">09113200</proctime></procstep><procstep><procdesc Sync="TRUE">Dataset copied.</procdesc><srcused Sync="TRUE">\\ABACOPORT-PC\Condivisa\work\EUROSTAT\work\SC3\ACT_1\COMM_PLUS\FINAL_DB\Augusto_CNTR_EEZ_COAS_2010\CNTR_EEZ_COAS_2010\CNTR_EEZ_COAS_2010.gdb</srcused><procdate Sync="TRUE">20110512</procdate><proctime Sync="TRUE">15414100</proctime></procstep><procstep><procdesc Sync="TRUE">Dataset copied.</procdesc><srcused Sync="TRUE">\\ABACOPORT-PC\Condivisa\work\EUROSTAT\work\SC3\ACT_1\COMM_PLUS\FINAL_DB\CORRECTIONS_06_11\SC3_A1_Adm_Boundaries.gdb</srcused><procdate Sync="TRUE">20110712</procdate><proctime Sync="TRUE">17032400</proctime></procstep></lineage></dataqual><idinfo><native Sync="TRUE">Microsoft Windows XP Version 5.1 (Build 2600) Service Pack 3; ESRI ArcCatalog 9.3.1.4000</native><descript><langdata Sync="TRUE">en</langdata><abstract>REQUIRED: A brief narrative summary of the data set.</abstract><purpose>REQUIRED: A summary of the intentions with which the data set was developed.</purpose></descript><citation><citeinfo><origin>REQUIRED: The name of an organization or individual that developed the data set.</origin><pubdate>REQUIRED: The date when the data set is published or otherwise made available for release.</pubdate><title Sync="TRUE">CNTR_AT_new</title><ftname Sync="TRUE">CNTR_AT_new</ftname><geoform Sync="TRUE">tabular digital data</geoform><onlink Sync="TRUE">\\s-sisko\gisco\users\diegoce\Specific convention\Specific convention 8\02 AB generalisatons\Final delivery v1.0\compare.mdb</onlink></citeinfo></citation><timeperd><current>REQUIRED: The basis on which the time period of content information is determined.</current><timeinfo><sngdate><caldate>REQUIRED: The year (and optionally month, or month and day) for which the data set corresponds to the ground.</caldate></sngdate></timeinfo></timeperd><status><progress>REQUIRED: The state of the data set.</progress><update>REQUIRED: The frequency with which changes and additions are made to the data set after the initial data set is completed.</update></status><spdom><bounding><westbc Sync="TRUE">REQUIRED: Western-most coordinate of the limit of coverage expressed in longitude.</westbc><eastbc Sync="TRUE">REQUIRED: Eastern-most coordinate of the limit of coverage expressed in longitude.</eastbc><northbc Sync="TRUE">REQUIRED: Northern-most coordinate of the limit of coverage expressed in latitude.</northbc><southbc Sync="TRUE">REQUIRED: Southern-most coordinate of the limit of coverage expressed in latitude.</southbc></bounding></spdom><keywords><theme><themekt>REQUIRED: Reference to a formally registered thesaurus or a similar authoritative source of theme keywords.</themekt><themekey>REQUIRED: Common-use word or phrase used to describe the subject of the data set.</themekey></theme></keywords><accconst>REQUIRED: Restrictions and legal prerequisites for accessing the data set.</accconst><useconst>REQUIRED: Restrictions and legal prerequisites for using the data set after access is granted.</useconst><natvform Sync="TRUE">Personal GeoDatabase Table</natvform></idinfo><metainfo><langmeta Sync="TRUE">en</langmeta><metstdn Sync="TRUE">FGDC Content Standards for Digital Geospatial Metadata</metstdn><metstdv Sync="TRUE">FGDC-STD-001-1998</metstdv><mettc Sync="TRUE">local time</mettc><metc><cntinfo><cntorgp><cntper>REQUIRED: The person responsible for the metadata information.</cntper><cntorg>REQUIRED: The organization responsible for the metadata information.</cntorg></cntorgp><cntaddr><addrtype>REQUIRED: The mailing and/or physical address for the organization or individual.</addrtype><city>REQUIRED: The city of the address.</city><state>REQUIRED: The state or province of the address.</state><postal>REQUIRED: The ZIP or other postal code of the address.</postal></cntaddr><cntvoice>REQUIRED: The telephone number by which individuals can speak to the organization or individual.</cntvoice></cntinfo></metc><metd Sync="TRUE">20111219</metd></metainfo><mdStanName Sync="TRUE">ISO 19115 Geographic Information - Metadata</mdStanName><mdStanVer Sync="TRUE">DIS_ESRI1.0</mdStanVer><mdHrLv><ScopeCd Sync="TRUE" value="007"/></mdHrLv><mdHrLvName Sync="TRUE">dataset</mdHrLvName><distinfo><resdesc Sync="TRUE">Downloadable Data</resdesc></distinfo><editorCustomization version="v1.1.4"/></metadata>
